{"cameraMode":{"drawMode":0,"name":"Shaded","section":"Shading Mode"},"sceneLighting":true,"audioPlay":false,"sceneViewState":{"showFog":true,"showMaterialUpdate":false,"showSkybox":true,"showFlares":true,"showImageEffects":true,"showParticleSystems":true},"in2DMode":false,"pivot":{"x":472.39410400390627,"y":-179.4369659423828,"z":1258.39794921875},"rotation":{"x":-0.16301453113555909,"y":-0.02752537466585636,"z":0.004549799486994743,"w":-0.9862291812896729},"size":1926.0543212890625,"orthographic":false}